event_id,customer_id,event_type,event_timestamp,device
EVT9000,CUST1080,purchase,2025-03-27 15:01:42,mobile
EVT9001,CUST1079,purchase,2025-01-25 06:05:50,tablet
EVT9002,CUST1084,view_product,2025-06-18 16:43:36,desktop
EVT9003,CUST1051,purchase,2025-04-24 09:18:53,desktop
EVT9004,CUST1052,login,2025-07-22 18:33:31,mobile
EVT9005,CUST1051,view_product,2024-12-18 02:23:41,mobile
EVT9006,CUST1056,purchase,2024-09-02 19:06:48,desktop
EVT9007,CUST1075,add_to_cart,2025-01-16 04:07:55,tablet
EVT9008,CUST1059,view_product,2025-06-23 12:50:53,desktop
EVT9009,CUST1012,add_to_cart,2024-09-09 16:23:57,mobile
EVT9010,CUST1017,add_to_cart,2024-11-02 01:33:26,tablet
EVT9011,CUST1057,add_to_cart,2025-01-15 18:28:58,desktop
EVT9012,CUST1065,purchase,2025-03-16 06:21:41,tablet
EVT9013,CUST1001,login,2025-01-02 02:08:46,desktop
EVT9014,CUST1005,view_product,2025-02-19 01:22:05,tablet
EVT9015,CUST1024,view_product,2024-08-30 02:43:38,tablet
EVT9016,CUST1055,login,2024-12-31 06:29:46,mobile
EVT9017,CUST1020,view_product,2025-07-03 15:33:32,tablet
EVT9018,CUST1042,add_to_cart,2024-11-28 01:39:06,mobile
EVT9019,CUST1088,purchase,2025-05-16 05:05:17,desktop
EVT9020,CUST1059,view_product,2024-12-09 10:10:35,tablet
EVT9021,CUST1078,add_to_cart,2024-10-24 14:53:04,desktop
EVT9022,CUST1033,login,2024-12-06 22:06:28,desktop
EVT9023,CUST1028,add_to_cart,2025-05-29 03:35:17,mobile
EVT9024,CUST1012,purchase,2024-10-03 20:47:37,tablet
EVT9025,CUST1048,add_to_cart,2024-08-29 05:35:26,mobile
EVT9026,CUST1064,purchase,2025-02-13 19:43:56,mobile
EVT9027,CUST1053,purchase,2025-04-02 11:45:54,mobile
EVT9028,CUST1001,view_product,2024-09-12 20:29:19,desktop
EVT9029,CUST1018,purchase,2025-02-21 15:16:43,mobile
EVT9030,CUST1031,add_to_cart,2025-02-13 14:46:51,mobile
EVT9031,CUST1024,login,2024-10-13 20:59:48,desktop
EVT9032,CUST1092,login,2025-07-17 09:29:42,desktop
EVT9033,CUST1013,add_to_cart,2025-05-28 00:39:17,tablet
EVT9034,CUST1014,login,2024-12-13 06:05:48,desktop
EVT9035,CUST1001,add_to_cart,2024-12-13 22:10:12,desktop
EVT9036,CUST1043,add_to_cart,2025-05-09 01:20:52,tablet
EVT9037,CUST1043,add_to_cart,2025-06-13 14:50:15,desktop
EVT9038,CUST1096,view_product,2025-04-07 05:38:52,mobile
EVT9039,CUST1000,add_to_cart,2025-06-12 02:22:43,tablet
EVT9040,CUST1060,purchase,2024-09-25 22:15:08,mobile
EVT9041,CUST1044,add_to_cart,2024-10-30 07:52:07,desktop
EVT9042,CUST1063,add_to_cart,2024-09-08 11:53:27,tablet
EVT9043,CUST1068,add_to_cart,2024-09-25 10:38:32,tablet
EVT9044,CUST1084,add_to_cart,2024-11-06 23:28:48,desktop
EVT9045,CUST1074,login,2024-10-15 04:23:23,tablet
EVT9046,CUST1021,add_to_cart,2024-10-05 22:48:41,desktop
EVT9047,CUST1046,purchase,2025-03-21 12:26:55,mobile
EVT9048,CUST1004,view_product,2024-09-27 22:31:58,tablet
EVT9049,CUST1053,view_product,2025-05-21 19:24:12,mobile
EVT9050,CUST1027,purchase,2025-05-21 09:29:46,mobile
EVT9051,CUST1022,view_product,2025-04-11 03:28:12,desktop
EVT9052,CUST1081,login,2024-08-28 20:01:36,tablet
EVT9053,CUST1010,login,2024-10-07 08:48:17,mobile
EVT9054,CUST1015,add_to_cart,2025-05-26 17:08:58,tablet
EVT9055,CUST1033,view_product,2025-03-31 10:35:24,tablet
EVT9056,CUST1094,add_to_cart,2025-02-07 11:11:16,mobile
EVT9057,CUST1048,purchase,2025-01-26 18:02:21,tablet
EVT9058,CUST1055,add_to_cart,2025-05-19 13:37:41,desktop
EVT9059,CUST1004,add_to_cart,2025-03-06 12:04:43,desktop
EVT9060,CUST1076,login,2025-05-21 16:15:06,mobile
EVT9061,CUST1094,add_to_cart,2025-03-12 14:43:02,tablet
EVT9062,CUST1083,view_product,2025-01-20 21:47:00,mobile
EVT9063,CUST1006,purchase,2025-04-21 02:18:26,desktop
EVT9064,CUST1041,purchase,2025-07-24 11:25:31,mobile
EVT9065,CUST1000,view_product,2025-07-08 02:58:04,mobile
EVT9066,CUST1007,add_to_cart,2025-03-06 19:07:41,mobile
EVT9067,CUST1066,login,2025-04-06 06:48:05,mobile
EVT9068,CUST1091,purchase,2025-04-03 07:05:34,tablet
EVT9069,CUST1099,purchase,2025-03-30 02:38:53,mobile
EVT9070,CUST1037,view_product,2024-12-03 02:12:08,desktop
EVT9071,CUST1085,add_to_cart,2025-07-01 05:02:52,desktop
EVT9072,CUST1008,view_product,2025-03-31 03:46:23,desktop
EVT9073,CUST1042,add_to_cart,2024-11-30 08:18:41,desktop
EVT9074,CUST1084,view_product,2024-09-27 04:42:29,desktop
EVT9075,CUST1025,purchase,2025-01-17 08:34:11,tablet
EVT9076,CUST1030,purchase,2024-08-26 02:09:26,mobile
EVT9077,CUST1096,view_product,2025-01-28 16:20:40,tablet
EVT9078,CUST1026,login,2025-01-18 07:21:40,desktop
EVT9079,CUST1043,purchase,2025-04-01 18:37:09,mobile
EVT9080,CUST1074,login,2024-11-25 04:10:27,tablet
EVT9081,CUST1074,purchase,2025-06-04 20:00:50,mobile
EVT9082,CUST1010,purchase,2024-11-14 05:49:38,mobile
EVT9083,CUST1016,view_product,2025-03-17 06:06:54,tablet
EVT9084,CUST1021,purchase,2024-08-21 09:14:43,desktop
EVT9085,CUST1052,add_to_cart,2024-12-14 06:01:21,tablet
EVT9086,CUST1013,purchase,2025-02-12 14:24:21,mobile
EVT9087,CUST1098,view_product,2024-08-28 09:11:25,desktop
EVT9088,CUST1004,login,2024-11-28 02:53:39,mobile
EVT9089,CUST1006,purchase,2025-01-25 21:26:06,mobile
EVT9090,CUST1054,add_to_cart,2025-01-22 01:49:33,mobile
EVT9091,CUST1040,purchase,2024-08-14 04:12:29,tablet
EVT9092,CUST1005,purchase,2024-08-21 15:56:13,desktop
EVT9093,CUST1038,add_to_cart,2024-12-20 18:34:00,tablet
EVT9094,CUST1007,view_product,2025-06-18 13:39:28,desktop
EVT9095,CUST1029,view_product,2024-11-19 01:26:06,mobile
EVT9096,CUST1058,view_product,2024-08-29 08:52:05,desktop
EVT9097,CUST1048,login,2025-04-06 22:24:37,mobile
EVT9098,CUST1090,add_to_cart,2025-07-01 05:04:38,tablet
EVT9099,CUST1005,login,2025-06-27 17:35:43,tablet
EVT9100,CUST1063,login,2024-09-03 15:18:27,tablet
EVT9101,CUST1054,purchase,2025-03-26 09:58:37,mobile
EVT9102,CUST1001,purchase,2025-03-18 06:54:30,desktop
EVT9103,CUST1006,purchase,2025-02-12 11:53:52,desktop
EVT9104,CUST1070,view_product,2024-12-26 21:19:11,tablet
EVT9105,CUST1075,view_product,2025-01-26 06:28:06,mobile
EVT9106,CUST1007,purchase,2025-03-12 22:44:43,tablet
EVT9107,CUST1000,purchase,2025-03-02 20:17:10,tablet
EVT9108,CUST1068,login,2025-06-03 01:57:36,mobile
EVT9109,CUST1095,view_product,2025-05-13 12:55:35,desktop
EVT9110,CUST1026,login,2025-07-13 11:51:36,desktop
EVT9111,CUST1072,login,2024-08-15 12:02:33,tablet
EVT9112,CUST1056,login,2025-01-21 05:30:18,mobile
EVT9113,CUST1012,add_to_cart,2025-07-18 14:38:34,tablet
EVT9114,CUST1018,login,2025-06-10 01:42:53,mobile
EVT9115,CUST1044,purchase,2025-03-09 13:54:35,tablet
EVT9116,CUST1029,view_product,2025-04-09 17:14:55,mobile
EVT9117,CUST1051,purchase,2024-10-11 16:12:08,desktop
EVT9118,CUST1075,purchase,2024-12-02 10:31:47,desktop
EVT9119,CUST1072,login,2025-03-22 12:44:47,mobile
EVT9120,CUST1053,login,2025-01-31 06:52:01,tablet
EVT9121,CUST1049,purchase,2025-02-10 06:45:55,mobile
EVT9122,CUST1032,add_to_cart,2024-09-27 03:48:37,tablet
EVT9123,CUST1057,view_product,2024-08-23 14:23:16,mobile
EVT9124,CUST1072,view_product,2025-01-21 12:51:47,tablet
EVT9125,CUST1059,add_to_cart,2024-09-08 18:23:26,mobile
EVT9126,CUST1053,add_to_cart,2025-06-10 12:26:30,desktop
EVT9127,CUST1050,view_product,2025-07-14 18:09:10,tablet
EVT9128,CUST1059,add_to_cart,2025-06-20 18:36:15,mobile
EVT9129,CUST1007,login,2024-12-10 22:45:19,mobile
EVT9130,CUST1072,add_to_cart,2025-05-03 23:35:12,desktop
EVT9131,CUST1029,purchase,2024-09-01 07:41:16,tablet
EVT9132,CUST1023,view_product,2025-02-11 12:25:15,desktop
EVT9133,CUST1099,add_to_cart,2025-04-07 12:01:27,mobile
EVT9134,CUST1088,login,2024-10-05 14:02:56,mobile
EVT9135,CUST1000,login,2024-08-14 18:30:51,mobile
EVT9136,CUST1080,login,2024-11-03 18:49:19,desktop
EVT9137,CUST1071,login,2025-05-01 09:11:44,tablet
EVT9138,CUST1027,login,2025-01-16 13:53:10,mobile
EVT9139,CUST1088,purchase,2025-01-17 05:23:28,mobile
EVT9140,CUST1032,login,2025-02-19 02:21:22,mobile
EVT9141,CUST1034,purchase,2025-02-18 14:02:53,desktop
EVT9142,CUST1028,purchase,2025-03-24 09:28:54,tablet
EVT9143,CUST1034,login,2024-09-30 05:18:18,mobile
EVT9144,CUST1088,purchase,2024-12-18 21:27:29,tablet
EVT9145,CUST1001,purchase,2024-12-22 08:54:56,desktop
EVT9146,CUST1064,view_product,2025-07-22 01:28:27,desktop
EVT9147,CUST1045,purchase,2024-11-17 10:26:33,mobile
EVT9148,CUST1003,add_to_cart,2024-12-28 00:40:02,tablet
EVT9149,CUST1041,login,2025-01-05 07:41:24,desktop
EVT9150,CUST1068,purchase,2025-05-27 08:13:06,desktop
EVT9151,CUST1080,login,2024-12-08 23:29:37,mobile
EVT9152,CUST1042,view_product,2025-04-20 05:28:07,mobile
EVT9153,CUST1028,view_product,2025-03-19 18:23:00,desktop
EVT9154,CUST1018,add_to_cart,2024-08-19 21:45:55,mobile
EVT9155,CUST1093,login,2025-06-02 01:48:41,desktop
EVT9156,CUST1084,login,2025-04-01 13:58:20,mobile
EVT9157,CUST1002,purchase,2025-04-07 23:00:23,desktop
EVT9158,CUST1070,purchase,2024-12-07 12:50:28,tablet
EVT9159,CUST1032,view_product,2024-08-25 04:01:34,tablet
EVT9160,CUST1088,view_product,2024-12-05 14:37:26,desktop
EVT9161,CUST1042,login,2024-09-05 06:32:33,desktop
EVT9162,CUST1096,purchase,2025-03-04 06:16:38,mobile
EVT9163,CUST1037,login,2025-04-20 00:38:13,tablet
EVT9164,CUST1089,add_to_cart,2024-12-27 16:43:22,desktop
EVT9165,CUST1099,purchase,2024-11-17 22:07:30,tablet
EVT9166,CUST1072,purchase,2024-11-05 10:27:15,tablet
EVT9167,CUST1068,view_product,2025-05-07 15:22:11,tablet
EVT9168,CUST1084,add_to_cart,2025-06-26 06:51:22,mobile
EVT9169,CUST1065,view_product,2025-04-11 13:18:14,mobile
EVT9170,CUST1086,view_product,2025-07-17 13:24:34,desktop
EVT9171,CUST1029,purchase,2025-03-21 15:15:43,mobile
EVT9172,CUST1002,login,2025-07-04 17:14:23,tablet
EVT9173,CUST1037,purchase,2024-09-26 23:15:51,desktop
EVT9174,CUST1060,purchase,2024-12-07 00:50:33,desktop
EVT9175,CUST1062,add_to_cart,2024-08-31 05:20:12,tablet
EVT9176,CUST1078,purchase,2025-03-13 21:12:33,desktop
EVT9177,CUST1005,login,2025-04-14 06:59:47,desktop
EVT9178,CUST1013,view_product,2024-09-23 11:53:28,mobile
EVT9179,CUST1049,add_to_cart,2025-07-21 14:22:46,mobile
EVT9180,CUST1030,view_product,2024-12-13 10:14:57,tablet
EVT9181,CUST1061,purchase,2024-11-28 01:15:09,tablet
EVT9182,CUST1022,add_to_cart,2025-04-11 08:33:23,desktop
EVT9183,CUST1031,purchase,2025-04-27 19:59:18,tablet
EVT9184,CUST1006,purchase,2025-04-13 17:13:49,tablet
EVT9185,CUST1010,add_to_cart,2024-12-29 18:59:47,desktop
EVT9186,CUST1052,view_product,2024-09-18 15:35:59,tablet
EVT9187,CUST1059,login,2025-03-18 15:52:10,mobile
EVT9188,CUST1019,add_to_cart,2025-05-01 20:29:42,desktop
EVT9189,CUST1084,view_product,2025-07-29 20:29:51,tablet
EVT9190,CUST1065,add_to_cart,2024-09-01 11:19:18,mobile
EVT9191,CUST1032,purchase,2024-11-27 19:11:44,desktop
EVT9192,CUST1078,login,2025-03-04 15:12:52,desktop
EVT9193,CUST1058,view_product,2024-12-23 20:35:20,mobile
EVT9194,CUST1057,add_to_cart,2025-04-06 11:28:30,mobile
EVT9195,CUST1078,purchase,2025-06-03 00:30:27,tablet
EVT9196,CUST1051,purchase,2024-12-05 03:18:24,desktop
EVT9197,CUST1032,add_to_cart,2025-06-11 09:06:53,tablet
EVT9198,CUST1065,view_product,2024-09-18 04:48:27,mobile
EVT9199,CUST1038,login,2025-04-16 19:37:15,desktop
EVT9200,CUST1040,add_to_cart,2025-04-29 12:32:30,tablet
EVT9201,CUST1050,add_to_cart,2025-06-17 12:08:27,tablet
EVT9202,CUST1057,add_to_cart,2025-05-13 11:33:44,tablet
EVT9203,CUST1042,view_product,2025-04-22 18:12:32,desktop
EVT9204,CUST1073,view_product,2025-07-19 22:18:53,mobile
EVT9205,CUST1082,purchase,2025-02-20 00:01:29,tablet
EVT9206,CUST1029,view_product,2024-09-04 20:43:41,desktop
EVT9207,CUST1012,view_product,2025-04-07 11:04:15,desktop
EVT9208,CUST1012,add_to_cart,2025-04-16 22:47:11,desktop
EVT9209,CUST1007,login,2025-01-11 00:07:00,mobile
EVT9210,CUST1049,add_to_cart,2025-02-13 01:08:22,desktop
EVT9211,CUST1002,purchase,2024-12-18 02:09:56,mobile
EVT9212,CUST1070,purchase,2024-08-06 15:36:15,desktop
EVT9213,CUST1082,purchase,2024-12-18 09:20:18,mobile
EVT9214,CUST1026,purchase,2024-11-27 12:31:25,mobile
EVT9215,CUST1046,purchase,2024-10-08 13:51:19,tablet
EVT9216,CUST1046,purchase,2024-10-21 18:06:13,mobile
EVT9217,CUST1095,add_to_cart,2024-12-10 06:51:34,mobile
EVT9218,CUST1002,add_to_cart,2025-05-24 02:46:36,mobile
EVT9219,CUST1045,add_to_cart,2025-02-04 10:03:24,mobile
EVT9220,CUST1091,login,2024-10-13 03:18:06,tablet
EVT9221,CUST1051,login,2024-10-26 13:13:03,tablet
EVT9222,CUST1084,add_to_cart,2024-09-21 23:53:07,desktop
EVT9223,CUST1084,add_to_cart,2024-09-28 17:52:37,tablet
EVT9224,CUST1083,view_product,2024-08-29 12:54:50,desktop
EVT9225,CUST1055,purchase,2024-11-22 10:39:55,tablet
EVT9226,CUST1041,login,2025-06-23 12:19:34,desktop
EVT9227,CUST1056,view_product,2025-06-01 15:29:44,tablet
EVT9228,CUST1091,purchase,2024-09-07 20:23:00,mobile
EVT9229,CUST1025,add_to_cart,2025-02-12 17:41:39,desktop
EVT9230,CUST1096,login,2025-05-25 22:45:23,desktop
EVT9231,CUST1004,login,2025-02-25 04:42:41,mobile
EVT9232,CUST1083,view_product,2025-06-19 21:33:51,desktop
EVT9233,CUST1006,purchase,2025-05-13 10:20:39,desktop
EVT9234,CUST1057,add_to_cart,2025-07-08 18:11:53,tablet
EVT9235,CUST1095,add_to_cart,2025-02-20 01:18:49,desktop
EVT9236,CUST1048,view_product,2024-08-14 05:30:55,tablet
EVT9237,CUST1051,login,2025-04-13 15:18:39,tablet
EVT9238,CUST1032,view_product,2024-12-08 08:33:17,tablet
EVT9239,CUST1016,purchase,2025-07-05 22:15:21,mobile
EVT9240,CUST1086,purchase,2025-05-24 04:11:16,mobile
EVT9241,CUST1054,purchase,2025-03-27 14:09:14,tablet
EVT9242,CUST1052,login,2024-09-19 11:08:56,mobile
EVT9243,CUST1035,login,2025-03-19 12:25:25,desktop
EVT9244,CUST1010,view_product,2024-12-23 20:58:01,mobile
EVT9245,CUST1059,purchase,2024-09-28 11:25:23,desktop
EVT9246,CUST1002,login,2024-10-01 13:56:13,desktop
EVT9247,CUST1010,add_to_cart,2024-10-08 19:17:23,mobile
EVT9248,CUST1073,add_to_cart,2025-06-18 10:22:51,desktop
EVT9249,CUST1050,purchase,2025-04-25 15:28:21,mobile
EVT9250,CUST1019,add_to_cart,2025-05-26 00:50:09,desktop
EVT9251,CUST1055,view_product,2025-03-30 04:41:11,desktop
EVT9252,CUST1078,login,2025-06-09 18:31:02,tablet
EVT9253,CUST1058,add_to_cart,2025-07-16 03:02:48,desktop
EVT9254,CUST1076,purchase,2024-10-02 20:37:12,tablet
EVT9255,CUST1035,purchase,2025-05-06 15:35:45,mobile
EVT9256,CUST1044,add_to_cart,2025-01-16 13:05:42,tablet
EVT9257,CUST1026,add_to_cart,2024-08-16 12:55:34,mobile
EVT9258,CUST1082,purchase,2025-01-06 03:09:47,mobile
EVT9259,CUST1073,purchase,2024-12-19 01:11:59,desktop
EVT9260,CUST1026,purchase,2025-04-19 05:50:33,desktop
EVT9261,CUST1096,login,2025-05-06 00:42:28,tablet
EVT9262,CUST1058,purchase,2024-10-30 19:37:30,mobile
EVT9263,CUST1082,add_to_cart,2025-01-19 01:54:55,tablet
EVT9264,CUST1002,login,2025-03-24 16:50:42,mobile
EVT9265,CUST1081,purchase,2024-11-18 05:24:14,desktop
EVT9266,CUST1048,add_to_cart,2025-05-18 18:28:38,desktop
EVT9267,CUST1014,purchase,2025-05-17 06:32:57,desktop
EVT9268,CUST1035,add_to_cart,2025-05-30 23:13:55,tablet
EVT9269,CUST1093,purchase,2025-01-20 21:59:42,mobile
EVT9270,CUST1077,login,2024-10-29 10:44:55,mobile
EVT9271,CUST1098,view_product,2025-02-22 23:01:40,tablet
EVT9272,CUST1004,view_product,2024-10-31 10:53:43,tablet
EVT9273,CUST1023,login,2024-11-27 18:07:59,desktop
EVT9274,CUST1048,login,2025-06-09 14:36:14,mobile
EVT9275,CUST1018,purchase,2025-05-31 04:32:37,tablet
EVT9276,CUST1067,view_product,2025-01-28 17:13:32,tablet
EVT9277,CUST1010,add_to_cart,2025-07-16 15:20:05,desktop
EVT9278,CUST1070,add_to_cart,2025-06-19 21:30:15,tablet
EVT9279,CUST1014,login,2024-10-13 22:02:42,tablet
EVT9280,CUST1063,add_to_cart,2024-12-20 10:12:34,mobile
EVT9281,CUST1014,login,2025-04-19 23:57:40,mobile
EVT9282,CUST1004,add_to_cart,2025-03-09 02:22:38,tablet
EVT9283,CUST1090,login,2025-01-17 16:20:55,mobile
EVT9284,CUST1044,add_to_cart,2025-01-25 20:51:09,mobile
EVT9285,CUST1063,login,2025-05-25 09:22:13,mobile
EVT9286,CUST1011,purchase,2024-11-16 23:59:10,mobile
EVT9287,CUST1087,add_to_cart,2025-05-28 18:19:30,tablet
EVT9288,CUST1090,view_product,2024-12-25 20:59:32,desktop
EVT9289,CUST1031,login,2025-02-10 21:06:48,desktop
EVT9290,CUST1096,purchase,2025-02-20 09:57:53,tablet
EVT9291,CUST1019,view_product,2025-01-09 03:53:06,tablet
EVT9292,CUST1069,add_to_cart,2024-10-01 12:10:29,desktop
EVT9293,CUST1017,purchase,2025-06-12 19:39:41,mobile
EVT9294,CUST1024,login,2024-10-16 03:00:03,tablet
EVT9295,CUST1017,login,2025-06-06 17:57:38,tablet
EVT9296,CUST1016,view_product,2025-03-22 09:33:18,tablet
EVT9297,CUST1034,login,2024-09-22 07:39:04,mobile
EVT9298,CUST1045,purchase,2025-07-04 14:39:03,mobile
EVT9299,CUST1076,view_product,2024-11-04 15:52:55,mobile
EVT9300,CUST1000,login,2024-08-19 20:02:03,desktop
EVT9301,CUST1085,view_product,2025-04-05 13:54:18,tablet
EVT9302,CUST1070,login,2025-02-02 05:06:46,desktop
EVT9303,CUST1036,login,2025-07-05 01:02:37,mobile
EVT9304,CUST1065,purchase,2024-12-21 17:37:51,desktop
EVT9305,CUST1054,login,2025-03-02 22:22:39,mobile
EVT9306,CUST1032,add_to_cart,2025-07-28 09:55:49,tablet
EVT9307,CUST1067,login,2024-09-08 09:53:20,tablet
EVT9308,CUST1076,add_to_cart,2025-05-02 20:25:15,desktop
EVT9309,CUST1003,purchase,2025-06-24 01:58:14,mobile
EVT9310,CUST1026,purchase,2025-02-15 22:18:26,mobile
EVT9311,CUST1033,view_product,2025-06-26 03:07:33,mobile
EVT9312,CUST1049,purchase,2024-09-16 23:45:51,tablet
EVT9313,CUST1073,view_product,2024-11-18 06:39:47,tablet
EVT9314,CUST1033,add_to_cart,2024-09-01 03:27:22,mobile
EVT9315,CUST1048,view_product,2025-05-22 22:26:51,desktop
EVT9316,CUST1023,login,2024-09-30 19:54:09,mobile
EVT9317,CUST1017,add_to_cart,2024-11-13 12:16:57,tablet
EVT9318,CUST1034,purchase,2025-01-21 01:38:31,desktop
EVT9319,CUST1040,purchase,2025-07-17 03:44:55,tablet
EVT9320,CUST1074,add_to_cart,2025-02-14 22:28:39,tablet
EVT9321,CUST1099,add_to_cart,2024-09-25 19:04:20,tablet
EVT9322,CUST1057,add_to_cart,2025-06-18 07:36:00,tablet
EVT9323,CUST1030,login,2025-01-16 11:13:23,tablet
EVT9324,CUST1069,view_product,2024-09-04 04:30:56,mobile
EVT9325,CUST1004,login,2025-07-19 04:12:16,desktop
EVT9326,CUST1031,login,2024-10-24 19:13:39,mobile
EVT9327,CUST1035,view_product,2025-06-12 17:54:33,desktop
EVT9328,CUST1077,login,2025-01-21 18:30:03,tablet
EVT9329,CUST1016,login,2025-07-09 03:01:49,mobile
EVT9330,CUST1072,view_product,2024-12-13 08:03:08,tablet
EVT9331,CUST1014,login,2025-07-26 22:18:37,desktop
EVT9332,CUST1094,add_to_cart,2024-08-09 22:16:03,mobile
EVT9333,CUST1046,purchase,2025-01-07 16:48:10,desktop
EVT9334,CUST1032,add_to_cart,2024-08-20 06:04:24,desktop
EVT9335,CUST1094,purchase,2024-12-31 12:54:07,mobile
EVT9336,CUST1068,add_to_cart,2025-02-10 12:43:43,mobile
EVT9337,CUST1053,view_product,2024-12-22 19:15:25,tablet
EVT9338,CUST1062,add_to_cart,2024-10-30 03:17:39,tablet
EVT9339,CUST1093,purchase,2024-12-27 13:00:44,desktop
EVT9340,CUST1070,login,2024-08-31 06:18:04,desktop
EVT9341,CUST1056,login,2024-12-23 04:07:21,mobile
EVT9342,CUST1044,view_product,2024-10-25 18:32:10,desktop
EVT9343,CUST1018,view_product,2024-08-10 12:24:37,mobile
EVT9344,CUST1075,view_product,2024-12-01 08:02:29,tablet
EVT9345,CUST1078,view_product,2025-07-27 01:36:34,tablet
EVT9346,CUST1069,view_product,2024-09-07 01:12:17,tablet
EVT9347,CUST1077,add_to_cart,2025-06-21 11:22:23,desktop
EVT9348,CUST1095,add_to_cart,2025-05-04 03:12:35,desktop
EVT9349,CUST1085,add_to_cart,2025-04-08 23:45:21,desktop
EVT9350,CUST1054,view_product,2024-12-07 18:48:57,mobile
EVT9351,CUST1017,purchase,2025-06-02 21:53:07,desktop
EVT9352,CUST1085,purchase,2024-09-25 06:57:41,tablet
EVT9353,CUST1022,add_to_cart,2024-09-22 00:12:16,desktop
EVT9354,CUST1039,add_to_cart,2024-08-14 10:41:41,desktop
EVT9355,CUST1059,login,2024-11-18 23:35:35,tablet
EVT9356,CUST1038,add_to_cart,2025-07-21 20:26:07,desktop
EVT9357,CUST1021,view_product,2025-06-17 19:37:18,desktop
EVT9358,CUST1083,add_to_cart,2025-01-30 01:16:56,desktop
EVT9359,CUST1090,add_to_cart,2025-04-26 21:32:40,tablet
EVT9360,CUST1027,login,2025-06-18 08:11:40,desktop
EVT9361,CUST1051,purchase,2024-09-22 11:19:29,mobile
EVT9362,CUST1096,view_product,2025-05-21 06:35:43,desktop
EVT9363,CUST1076,purchase,2025-04-30 13:45:25,tablet
EVT9364,CUST1002,add_to_cart,2025-01-28 18:06:23,desktop
EVT9365,CUST1062,add_to_cart,2025-01-20 18:57:07,desktop
EVT9366,CUST1023,purchase,2025-03-26 13:08:41,desktop
EVT9367,CUST1001,add_to_cart,2024-08-01 14:37:40,mobile
EVT9368,CUST1024,purchase,2025-07-17 08:53:13,desktop
EVT9369,CUST1010,add_to_cart,2024-08-30 08:07:15,desktop
EVT9370,CUST1047,view_product,2024-08-06 22:48:44,desktop
EVT9371,CUST1098,login,2024-11-06 23:04:02,tablet
EVT9372,CUST1030,login,2024-10-22 07:43:52,desktop
EVT9373,CUST1078,login,2025-06-19 20:06:12,desktop
EVT9374,CUST1031,add_to_cart,2024-09-26 15:18:25,mobile
EVT9375,CUST1067,purchase,2025-02-28 16:54:34,desktop
EVT9376,CUST1091,view_product,2025-07-30 17:13:27,tablet
EVT9377,CUST1016,view_product,2025-05-09 00:00:10,tablet
EVT9378,CUST1050,login,2025-03-24 00:51:25,tablet
EVT9379,CUST1092,purchase,2025-02-20 12:52:13,tablet
EVT9380,CUST1022,add_to_cart,2025-01-10 22:42:13,desktop
EVT9381,CUST1044,purchase,2024-09-11 18:01:11,desktop
EVT9382,CUST1094,view_product,2025-05-28 00:08:11,tablet
EVT9383,CUST1087,view_product,2024-11-19 10:59:04,desktop
EVT9384,CUST1049,view_product,2024-10-30 20:39:02,tablet
EVT9385,CUST1008,login,2024-11-24 12:36:57,mobile
EVT9386,CUST1099,add_to_cart,2024-09-15 21:23:32,mobile
EVT9387,CUST1015,purchase,2024-08-18 02:44:25,tablet
EVT9388,CUST1064,add_to_cart,2024-10-31 04:06:02,mobile
EVT9389,CUST1071,add_to_cart,2025-01-09 14:44:27,mobile
EVT9390,CUST1069,add_to_cart,2025-04-04 17:08:42,desktop
EVT9391,CUST1082,add_to_cart,2025-06-03 21:21:33,mobile
EVT9392,CUST1080,purchase,2025-03-29 10:41:54,desktop
EVT9393,CUST1067,add_to_cart,2025-01-24 02:17:27,mobile
EVT9394,CUST1089,view_product,2024-08-23 23:05:18,tablet
EVT9395,CUST1029,purchase,2024-09-11 14:57:13,mobile
EVT9396,CUST1097,view_product,2025-06-20 12:10:41,tablet
EVT9397,CUST1049,view_product,2025-07-17 02:15:49,tablet
EVT9398,CUST1035,view_product,2025-02-09 16:25:45,desktop
EVT9399,CUST1025,view_product,2025-03-19 07:41:39,tablet
EVT9400,CUST1016,add_to_cart,2025-02-23 18:04:00,desktop
EVT9401,CUST1007,login,2024-08-05 22:52:18,mobile
EVT9402,CUST1032,purchase,2025-04-01 23:55:49,desktop
EVT9403,CUST1030,purchase,2025-02-15 17:19:59,tablet
EVT9404,CUST1094,login,2025-03-10 21:30:50,mobile
EVT9405,CUST1001,login,2024-11-01 12:42:36,desktop
EVT9406,CUST1098,login,2025-05-05 15:00:06,mobile
EVT9407,CUST1035,purchase,2024-09-24 07:54:59,tablet
EVT9408,CUST1061,login,2024-11-20 16:32:06,tablet
EVT9409,CUST1052,login,2025-01-13 06:28:47,mobile
EVT9410,CUST1082,login,2024-07-31 04:15:50,desktop
EVT9411,CUST1037,login,2025-03-26 08:07:26,desktop
EVT9412,CUST1082,view_product,2024-12-14 14:10:01,tablet
EVT9413,CUST1043,view_product,2024-10-31 23:54:16,mobile
EVT9414,CUST1071,login,2025-03-09 04:39:16,tablet
EVT9415,CUST1061,add_to_cart,2025-01-08 08:22:29,tablet
EVT9416,CUST1015,add_to_cart,2024-10-11 07:34:31,mobile
EVT9417,CUST1049,login,2025-04-14 14:04:21,desktop
EVT9418,CUST1045,login,2025-04-16 01:53:51,tablet
EVT9419,CUST1000,view_product,2024-09-01 19:39:47,tablet
EVT9420,CUST1073,add_to_cart,2025-02-18 20:54:46,tablet
EVT9421,CUST1005,purchase,2024-12-17 14:45:14,mobile
EVT9422,CUST1031,purchase,2024-08-25 20:30:01,tablet
EVT9423,CUST1079,add_to_cart,2025-02-19 20:54:45,tablet
EVT9424,CUST1003,add_to_cart,2025-02-26 20:53:41,tablet
EVT9425,CUST1086,add_to_cart,2025-02-12 14:19:12,mobile
EVT9426,CUST1095,login,2025-05-31 23:34:39,mobile
EVT9427,CUST1054,view_product,2025-02-12 17:04:07,tablet
EVT9428,CUST1033,add_to_cart,2025-03-02 18:45:14,tablet
EVT9429,CUST1006,purchase,2024-08-07 11:12:46,desktop
EVT9430,CUST1081,login,2024-12-29 04:58:33,tablet
EVT9431,CUST1033,purchase,2025-07-04 17:43:20,mobile
EVT9432,CUST1042,purchase,2025-01-29 03:39:35,tablet
EVT9433,CUST1031,purchase,2024-08-16 11:27:12,mobile
EVT9434,CUST1019,view_product,2025-04-03 10:33:52,mobile
EVT9435,CUST1080,purchase,2024-12-27 19:40:42,desktop
EVT9436,CUST1080,add_to_cart,2024-12-22 13:06:49,tablet
EVT9437,CUST1030,purchase,2024-11-06 01:52:30,tablet
EVT9438,CUST1021,purchase,2025-05-16 19:10:43,mobile
EVT9439,CUST1056,view_product,2024-08-05 21:04:18,mobile
EVT9440,CUST1058,add_to_cart,2024-12-16 06:02:22,desktop
EVT9441,CUST1030,purchase,2025-06-01 19:13:21,desktop
EVT9442,CUST1002,login,2024-08-25 19:23:02,desktop
EVT9443,CUST1027,purchase,2024-12-11 11:28:31,mobile
EVT9444,CUST1083,add_to_cart,2024-11-01 05:08:23,mobile
EVT9445,CUST1018,add_to_cart,2025-05-11 05:11:19,desktop
EVT9446,CUST1014,view_product,2025-04-11 18:20:24,tablet
EVT9447,CUST1037,add_to_cart,2025-03-31 13:27:45,tablet
EVT9448,CUST1034,view_product,2024-09-08 19:54:02,mobile
EVT9449,CUST1023,purchase,2025-05-26 04:35:50,tablet
EVT9450,CUST1030,purchase,2025-03-13 13:24:55,tablet
EVT9451,CUST1037,view_product,2025-05-12 02:07:21,tablet
EVT9452,CUST1045,add_to_cart,2025-05-20 10:26:31,tablet
EVT9453,CUST1043,login,2024-12-06 16:58:53,tablet
EVT9454,CUST1029,login,2024-09-20 09:09:03,tablet
EVT9455,CUST1057,purchase,2024-08-16 18:55:18,desktop
EVT9456,CUST1051,add_to_cart,2024-12-14 09:20:54,tablet
EVT9457,CUST1075,view_product,2025-02-27 14:54:01,desktop
EVT9458,CUST1049,login,2024-12-09 01:10:20,desktop
EVT9459,CUST1053,purchase,2025-06-11 12:08:07,tablet
EVT9460,CUST1058,add_to_cart,2025-04-06 04:58:21,tablet
EVT9461,CUST1031,purchase,2024-10-06 13:37:56,mobile
EVT9462,CUST1041,login,2025-06-18 01:25:11,tablet
EVT9463,CUST1058,view_product,2025-05-29 03:49:07,desktop
EVT9464,CUST1067,add_to_cart,2025-04-22 11:23:14,mobile
EVT9465,CUST1032,view_product,2025-01-27 00:16:57,mobile
EVT9466,CUST1037,view_product,2025-04-26 15:10:51,tablet
EVT9467,CUST1092,login,2025-02-01 09:55:01,desktop
EVT9468,CUST1089,view_product,2025-04-01 21:53:17,tablet
EVT9469,CUST1093,view_product,2024-10-09 08:38:14,mobile
EVT9470,CUST1073,view_product,2025-06-10 17:23:23,tablet
EVT9471,CUST1033,login,2024-09-20 22:36:01,tablet
EVT9472,CUST1046,view_product,2024-08-24 01:49:22,desktop
EVT9473,CUST1095,view_product,2025-05-04 15:42:25,mobile
EVT9474,CUST1043,purchase,2025-05-28 00:18:07,mobile
EVT9475,CUST1000,view_product,2025-01-24 07:33:58,tablet
EVT9476,CUST1051,purchase,2024-08-13 22:23:50,mobile
EVT9477,CUST1034,purchase,2024-11-21 12:45:58,tablet
EVT9478,CUST1065,purchase,2024-10-16 20:38:51,tablet
EVT9479,CUST1036,add_to_cart,2024-08-16 13:59:14,mobile
EVT9480,CUST1094,purchase,2025-06-02 19:21:20,tablet
EVT9481,CUST1029,purchase,2024-10-16 00:52:36,desktop
EVT9482,CUST1045,add_to_cart,2025-07-09 13:50:53,tablet
EVT9483,CUST1082,login,2024-08-15 20:16:30,tablet
EVT9484,CUST1016,login,2024-11-30 03:14:58,mobile
EVT9485,CUST1054,purchase,2025-07-28 01:19:53,tablet
EVT9486,CUST1049,login,2024-11-27 23:48:00,desktop
EVT9487,CUST1085,add_to_cart,2025-02-15 17:24:23,mobile
EVT9488,CUST1006,login,2025-01-01 05:24:01,desktop
EVT9489,CUST1059,purchase,2025-06-12 05:49:07,tablet
EVT9490,CUST1090,view_product,2025-02-26 11:05:46,mobile
EVT9491,CUST1008,purchase,2025-01-30 10:05:20,tablet
EVT9492,CUST1007,login,2024-11-05 22:44:19,mobile
EVT9493,CUST1031,purchase,2024-08-13 19:00:49,mobile
EVT9494,CUST1007,login,2025-05-19 02:51:48,tablet
EVT9495,CUST1080,add_to_cart,2025-04-07 19:13:58,mobile
EVT9496,CUST1093,purchase,2024-10-12 18:53:47,mobile
EVT9497,CUST1034,purchase,2024-11-18 16:25:48,mobile
EVT9498,CUST1068,add_to_cart,2024-12-16 04:55:25,tablet
EVT9499,CUST1047,view_product,2025-06-30 09:23:48,mobile
EVT9500,CUST1024,view_product,2025-05-29 19:39:15,mobile
EVT9501,CUST1084,login,2024-08-18 03:14:57,desktop
EVT9502,CUST1009,add_to_cart,2025-07-01 19:30:29,mobile
EVT9503,CUST1067,view_product,2025-04-11 05:32:33,mobile
EVT9504,CUST1008,view_product,2024-12-06 11:26:44,desktop
EVT9505,CUST1027,view_product,2024-11-13 16:14:48,tablet
EVT9506,CUST1030,add_to_cart,2024-09-16 21:52:28,desktop
EVT9507,CUST1094,add_to_cart,2025-06-06 00:05:40,tablet
EVT9508,CUST1031,add_to_cart,2024-12-20 11:52:14,tablet
EVT9509,CUST1097,add_to_cart,2025-01-16 06:21:55,tablet
EVT9510,CUST1019,add_to_cart,2025-07-11 00:17:54,mobile
EVT9511,CUST1050,add_to_cart,2025-01-01 22:09:23,tablet
EVT9512,CUST1049,purchase,2025-05-15 05:48:47,desktop
EVT9513,CUST1085,login,2025-01-17 08:19:32,mobile
EVT9514,CUST1081,login,2025-07-13 00:18:32,desktop
EVT9515,CUST1019,login,2024-12-27 17:28:25,mobile
EVT9516,CUST1046,login,2024-12-09 05:44:01,tablet
EVT9517,CUST1094,add_to_cart,2024-10-11 02:56:45,desktop
EVT9518,CUST1030,purchase,2025-02-08 06:37:57,mobile
EVT9519,CUST1021,view_product,2025-04-25 08:13:45,mobile
EVT9520,CUST1089,view_product,2025-02-08 18:56:14,desktop
EVT9521,CUST1010,purchase,2024-12-20 05:36:17,desktop
EVT9522,CUST1055,login,2025-07-24 12:52:52,mobile
EVT9523,CUST1043,purchase,2025-06-05 04:58:22,mobile
EVT9524,CUST1072,add_to_cart,2025-02-17 05:41:06,mobile
EVT9525,CUST1054,view_product,2024-11-11 03:42:01,desktop
EVT9526,CUST1075,view_product,2025-06-06 16:55:29,mobile
EVT9527,CUST1036,purchase,2024-08-31 15:40:42,tablet
EVT9528,CUST1003,view_product,2025-05-08 22:34:20,mobile
EVT9529,CUST1052,purchase,2025-01-11 10:18:25,desktop
EVT9530,CUST1069,login,2024-08-30 05:20:10,mobile
EVT9531,CUST1014,view_product,2025-01-13 19:13:58,mobile
EVT9532,CUST1011,purchase,2025-03-21 12:57:18,mobile
EVT9533,CUST1058,purchase,2025-06-14 22:27:34,mobile
EVT9534,CUST1057,purchase,2024-10-08 15:39:34,tablet
EVT9535,CUST1068,view_product,2025-02-27 09:52:23,desktop
EVT9536,CUST1062,view_product,2024-11-21 15:47:05,tablet
EVT9537,CUST1036,purchase,2024-12-02 07:35:27,mobile
EVT9538,CUST1084,purchase,2024-09-08 09:57:54,desktop
EVT9539,CUST1077,add_to_cart,2024-08-30 15:58:46,mobile
EVT9540,CUST1074,purchase,2024-12-04 22:07:06,mobile
EVT9541,CUST1013,login,2025-04-13 05:53:49,tablet
EVT9542,CUST1036,add_to_cart,2024-11-22 09:14:50,tablet
EVT9543,CUST1089,purchase,2024-11-26 14:25:54,tablet
EVT9544,CUST1034,purchase,2025-01-19 17:55:10,mobile
EVT9545,CUST1029,view_product,2025-03-21 14:31:26,tablet
EVT9546,CUST1040,add_to_cart,2025-05-05 06:47:11,mobile
EVT9547,CUST1056,add_to_cart,2025-01-12 01:22:22,mobile
EVT9548,CUST1099,login,2024-10-03 06:55:30,tablet
EVT9549,CUST1059,purchase,2025-04-24 10:45:26,mobile
EVT9550,CUST1069,view_product,2025-01-18 23:12:33,desktop
EVT9551,CUST1021,view_product,2024-12-14 02:20:19,tablet
EVT9552,CUST1018,login,2025-01-20 05:14:01,mobile
EVT9553,CUST1043,purchase,2024-08-16 00:27:43,mobile
EVT9554,CUST1021,view_product,2025-05-08 20:05:04,desktop
EVT9555,CUST1039,purchase,2025-07-03 11:01:03,tablet
EVT9556,CUST1055,login,2025-07-19 14:28:42,mobile
EVT9557,CUST1052,add_to_cart,2024-12-14 11:46:27,tablet
EVT9558,CUST1086,view_product,2025-03-26 08:30:52,tablet
EVT9559,CUST1096,view_product,2025-01-15 11:37:21,tablet
EVT9560,CUST1080,view_product,2024-11-14 04:43:29,mobile
EVT9561,CUST1019,add_to_cart,2025-04-04 21:58:09,tablet
EVT9562,CUST1013,login,2025-06-02 22:47:28,tablet
EVT9563,CUST1023,view_product,2024-08-21 20:17:57,desktop
EVT9564,CUST1030,add_to_cart,2024-08-28 17:07:03,desktop
EVT9565,CUST1013,login,2025-04-17 05:34:14,desktop
EVT9566,CUST1084,view_product,2025-04-04 03:43:51,desktop
EVT9567,CUST1057,login,2025-01-04 07:50:13,mobile
EVT9568,CUST1091,login,2024-12-18 15:59:18,tablet
EVT9569,CUST1090,add_to_cart,2025-02-14 19:59:29,tablet
EVT9570,CUST1066,login,2025-06-06 16:26:20,desktop
EVT9571,CUST1055,purchase,2025-05-17 19:14:20,tablet
EVT9572,CUST1095,add_to_cart,2025-04-20 10:14:57,mobile
EVT9573,CUST1050,login,2024-09-30 16:52:03,desktop
EVT9574,CUST1099,login,2024-08-11 15:56:05,tablet
EVT9575,CUST1027,add_to_cart,2024-09-24 00:29:03,desktop
EVT9576,CUST1000,add_to_cart,2025-06-25 03:51:16,tablet
EVT9577,CUST1046,login,2025-03-23 12:40:23,desktop
EVT9578,CUST1075,add_to_cart,2025-04-19 21:55:46,desktop
EVT9579,CUST1072,login,2025-05-30 00:02:19,tablet
EVT9580,CUST1065,login,2025-01-16 17:45:00,tablet
EVT9581,CUST1042,add_to_cart,2024-08-13 02:01:59,tablet
EVT9582,CUST1060,purchase,2024-09-17 14:13:56,mobile
EVT9583,CUST1099,add_to_cart,2024-08-25 16:20:37,mobile
EVT9584,CUST1094,add_to_cart,2024-10-30 05:19:10,tablet
EVT9585,CUST1067,login,2025-05-28 21:58:21,desktop
EVT9586,CUST1096,add_to_cart,2025-04-07 03:02:13,desktop
EVT9587,CUST1022,add_to_cart,2024-12-19 20:06:43,tablet
EVT9588,CUST1071,add_to_cart,2024-12-18 05:10:17,tablet
EVT9589,CUST1023,add_to_cart,2024-12-26 06:08:41,tablet
EVT9590,CUST1051,login,2025-03-07 20:47:11,tablet
EVT9591,CUST1011,view_product,2024-08-12 03:32:11,mobile
EVT9592,CUST1038,purchase,2025-03-22 13:34:33,tablet
EVT9593,CUST1031,add_to_cart,2024-09-28 03:49:50,tablet
EVT9594,CUST1018,view_product,2025-04-20 07:00:01,mobile
EVT9595,CUST1059,view_product,2025-01-21 07:15:56,tablet
EVT9596,CUST1083,view_product,2024-12-21 15:19:23,mobile
EVT9597,CUST1092,add_to_cart,2024-12-22 01:05:57,tablet
EVT9598,CUST1010,add_to_cart,2025-01-18 23:29:50,tablet
EVT9599,CUST1004,purchase,2025-05-22 22:08:46,tablet
EVT9600,CUST1040,login,2024-08-29 10:18:26,tablet
EVT9601,CUST1045,purchase,2025-03-10 11:01:19,tablet
EVT9602,CUST1042,purchase,2024-09-22 01:05:41,tablet
EVT9603,CUST1064,view_product,2025-02-21 04:36:25,tablet
EVT9604,CUST1090,login,2024-12-20 01:54:17,mobile
EVT9605,CUST1003,add_to_cart,2025-01-01 03:37:46,mobile
EVT9606,CUST1009,view_product,2024-11-29 15:58:04,tablet
EVT9607,CUST1013,purchase,2025-04-08 20:01:41,tablet
EVT9608,CUST1074,purchase,2024-11-15 19:15:36,tablet
EVT9609,CUST1004,view_product,2024-11-04 12:13:57,mobile
EVT9610,CUST1004,login,2024-09-12 15:06:03,mobile
EVT9611,CUST1078,view_product,2024-08-09 15:12:47,mobile
EVT9612,CUST1020,view_product,2025-05-12 06:40:12,tablet
EVT9613,CUST1084,purchase,2024-10-10 19:46:36,desktop
EVT9614,CUST1047,purchase,2025-02-09 09:06:36,mobile
EVT9615,CUST1036,login,2025-02-16 15:25:08,mobile
EVT9616,CUST1054,add_to_cart,2024-12-27 20:40:01,tablet
EVT9617,CUST1017,login,2025-07-20 08:30:59,desktop
EVT9618,CUST1050,login,2025-03-05 16:51:08,mobile
EVT9619,CUST1096,login,2024-09-14 07:17:43,tablet
EVT9620,CUST1056,login,2024-11-09 05:37:07,tablet
EVT9621,CUST1092,purchase,2025-05-27 12:52:33,tablet
EVT9622,CUST1008,add_to_cart,2024-11-08 15:45:35,desktop
EVT9623,CUST1035,purchase,2025-04-29 23:47:28,mobile
EVT9624,CUST1075,purchase,2025-01-19 21:15:00,mobile
EVT9625,CUST1050,purchase,2024-10-21 21:37:28,desktop
EVT9626,CUST1018,login,2025-03-25 04:47:31,tablet
EVT9627,CUST1075,purchase,2024-11-18 11:27:09,mobile
EVT9628,CUST1000,purchase,2025-04-26 02:03:06,desktop
EVT9629,CUST1096,view_product,2025-07-21 11:53:09,desktop
EVT9630,CUST1001,login,2025-02-06 08:00:03,desktop
EVT9631,CUST1011,login,2024-10-16 07:28:50,mobile
EVT9632,CUST1036,login,2024-09-16 04:44:49,desktop
EVT9633,CUST1057,login,2024-09-21 06:45:49,mobile
EVT9634,CUST1033,login,2025-06-26 18:36:01,tablet
EVT9635,CUST1058,view_product,2024-08-28 07:53:54,desktop
EVT9636,CUST1055,login,2025-01-22 03:01:35,tablet
EVT9637,CUST1050,view_product,2024-10-05 14:57:26,mobile
EVT9638,CUST1083,view_product,2025-07-14 13:58:44,tablet
EVT9639,CUST1039,purchase,2025-05-03 14:46:21,desktop
EVT9640,CUST1009,login,2025-01-19 10:25:13,mobile
EVT9641,CUST1027,view_product,2024-09-02 15:57:08,tablet
EVT9642,CUST1060,view_product,2025-06-10 08:12:50,tablet
EVT9643,CUST1008,login,2025-04-21 09:43:28,mobile
EVT9644,CUST1049,view_product,2025-06-23 22:30:44,desktop
EVT9645,CUST1001,view_product,2024-12-01 16:27:26,tablet
EVT9646,CUST1045,view_product,2025-04-15 22:24:04,desktop
EVT9647,CUST1016,purchase,2024-12-12 11:55:18,desktop
EVT9648,CUST1055,add_to_cart,2025-05-02 03:04:48,tablet
EVT9649,CUST1033,purchase,2024-08-24 18:57:33,tablet
EVT9650,CUST1079,purchase,2025-03-01 04:01:41,tablet
EVT9651,CUST1021,view_product,2025-02-26 03:05:12,tablet
EVT9652,CUST1054,login,2024-11-20 08:03:21,desktop
EVT9653,CUST1091,view_product,2025-07-11 17:29:48,tablet
EVT9654,CUST1058,view_product,2024-11-24 01:28:55,mobile
EVT9655,CUST1087,add_to_cart,2025-06-26 04:57:10,tablet
EVT9656,CUST1035,login,2024-09-29 17:44:19,mobile
EVT9657,CUST1001,add_to_cart,2025-05-03 00:13:30,desktop
EVT9658,CUST1036,purchase,2025-05-02 03:17:49,mobile
EVT9659,CUST1030,login,2025-07-25 16:58:25,desktop
EVT9660,CUST1084,view_product,2025-04-28 12:11:59,tablet
EVT9661,CUST1053,purchase,2025-04-04 05:28:42,desktop
EVT9662,CUST1085,login,2024-10-06 04:19:44,desktop
EVT9663,CUST1008,purchase,2025-06-03 19:28:11,desktop
EVT9664,CUST1012,login,2024-12-17 23:02:04,mobile
EVT9665,CUST1093,add_to_cart,2025-02-13 03:37:50,desktop
EVT9666,CUST1018,view_product,2024-10-25 15:46:00,tablet
EVT9667,CUST1047,view_product,2024-09-15 16:51:48,desktop
EVT9668,CUST1026,purchase,2024-10-16 14:57:22,mobile
EVT9669,CUST1049,add_to_cart,2025-06-03 04:16:13,tablet
EVT9670,CUST1009,view_product,2024-09-22 12:06:34,mobile
EVT9671,CUST1064,add_to_cart,2024-10-30 12:13:28,tablet
EVT9672,CUST1011,add_to_cart,2025-06-02 12:29:39,desktop
EVT9673,CUST1023,purchase,2025-02-07 10:18:05,desktop
EVT9674,CUST1001,add_to_cart,2024-08-09 18:40:05,desktop
EVT9675,CUST1097,login,2024-12-17 17:28:57,mobile
EVT9676,CUST1071,purchase,2025-03-02 17:32:14,mobile
EVT9677,CUST1073,add_to_cart,2025-03-09 19:41:43,tablet
EVT9678,CUST1019,purchase,2024-12-20 20:11:04,desktop
EVT9679,CUST1094,login,2025-01-28 02:13:17,tablet
EVT9680,CUST1047,purchase,2025-06-07 16:21:12,mobile
EVT9681,CUST1070,view_product,2025-03-01 19:24:19,mobile
EVT9682,CUST1036,add_to_cart,2024-09-18 23:14:19,tablet
EVT9683,CUST1073,add_to_cart,2025-03-25 05:27:19,mobile
EVT9684,CUST1074,view_product,2025-07-08 23:27:27,tablet
EVT9685,CUST1026,login,2024-09-02 01:16:11,desktop
EVT9686,CUST1049,add_to_cart,2024-08-25 02:30:00,mobile
EVT9687,CUST1088,login,2024-11-27 16:28:54,mobile
EVT9688,CUST1002,login,2025-01-01 04:48:11,tablet
EVT9689,CUST1035,purchase,2025-05-04 23:59:19,desktop
EVT9690,CUST1086,purchase,2025-05-05 18:02:03,tablet
EVT9691,CUST1081,login,2025-02-01 11:09:55,desktop
EVT9692,CUST1003,login,2025-02-19 17:31:19,mobile
EVT9693,CUST1058,login,2025-01-06 02:34:16,tablet
EVT9694,CUST1041,purchase,2025-05-25 06:48:59,mobile
EVT9695,CUST1090,login,2025-01-05 13:52:49,mobile
EVT9696,CUST1043,purchase,2025-06-15 07:45:45,desktop
EVT9697,CUST1099,add_to_cart,2025-03-10 20:08:40,tablet
EVT9698,CUST1032,add_to_cart,2024-08-28 05:05:23,mobile
EVT9699,CUST1074,add_to_cart,2024-09-17 05:48:48,tablet
EVT9700,CUST1095,add_to_cart,2024-11-30 16:35:43,desktop
EVT9701,CUST1078,view_product,2025-04-06 00:42:46,desktop
EVT9702,CUST1034,login,2024-08-28 08:57:05,desktop
EVT9703,CUST1086,view_product,2025-01-21 07:44:58,desktop
EVT9704,CUST1029,add_to_cart,2025-01-27 11:33:48,desktop
EVT9705,CUST1043,add_to_cart,2025-04-20 16:45:30,mobile
EVT9706,CUST1022,add_to_cart,2025-02-16 11:49:41,desktop
EVT9707,CUST1057,purchase,2024-12-11 08:47:37,tablet
EVT9708,CUST1005,add_to_cart,2024-09-18 09:50:54,desktop
EVT9709,CUST1074,login,2025-07-06 12:51:54,mobile
EVT9710,CUST1053,add_to_cart,2025-06-17 13:01:26,mobile
EVT9711,CUST1069,add_to_cart,2025-05-29 14:15:39,desktop
EVT9712,CUST1093,login,2025-03-01 16:12:13,mobile
EVT9713,CUST1011,view_product,2025-04-05 00:59:41,mobile
EVT9714,CUST1073,view_product,2025-03-15 20:14:45,mobile
EVT9715,CUST1034,purchase,2024-10-09 05:42:09,tablet
EVT9716,CUST1052,view_product,2025-05-24 17:55:36,mobile
EVT9717,CUST1088,add_to_cart,2024-09-18 16:21:27,mobile
EVT9718,CUST1004,purchase,2025-01-14 13:58:40,mobile
EVT9719,CUST1025,purchase,2025-02-10 20:42:48,tablet
EVT9720,CUST1046,view_product,2025-07-19 06:08:12,mobile
EVT9721,CUST1043,login,2025-07-02 18:00:08,desktop
EVT9722,CUST1059,add_to_cart,2024-08-21 02:10:06,mobile
EVT9723,CUST1048,purchase,2025-06-18 10:48:26,tablet
EVT9724,CUST1056,purchase,2024-09-16 18:56:55,desktop
EVT9725,CUST1097,purchase,2025-02-16 18:44:42,mobile
EVT9726,CUST1040,login,2024-09-27 23:53:27,desktop
EVT9727,CUST1007,add_to_cart,2024-11-25 16:19:46,desktop
EVT9728,CUST1002,add_to_cart,2024-10-02 12:23:54,mobile
EVT9729,CUST1067,add_to_cart,2024-10-01 11:19:29,desktop
EVT9730,CUST1096,add_to_cart,2024-12-02 21:05:58,mobile
EVT9731,CUST1075,view_product,2025-07-28 14:04:17,desktop
EVT9732,CUST1041,purchase,2025-05-02 01:08:16,tablet
EVT9733,CUST1048,view_product,2024-10-26 03:13:07,desktop
EVT9734,CUST1049,login,2024-12-11 22:51:07,desktop
EVT9735,CUST1036,add_to_cart,2025-02-17 02:09:40,tablet
EVT9736,CUST1056,view_product,2025-07-13 02:59:50,mobile
EVT9737,CUST1000,view_product,2024-11-17 21:12:19,mobile
EVT9738,CUST1071,purchase,2025-06-24 02:21:25,tablet
EVT9739,CUST1008,add_to_cart,2024-08-30 04:42:39,tablet
EVT9740,CUST1057,view_product,2024-11-04 21:29:38,mobile
EVT9741,CUST1097,purchase,2024-10-14 19:20:59,mobile
EVT9742,CUST1097,add_to_cart,2025-04-03 04:50:39,tablet
EVT9743,CUST1000,view_product,2025-03-01 11:53:50,tablet
EVT9744,CUST1018,view_product,2024-11-14 03:45:08,desktop
EVT9745,CUST1069,add_to_cart,2024-09-17 04:21:18,mobile
EVT9746,CUST1064,login,2025-03-30 07:18:50,tablet
EVT9747,CUST1087,login,2024-11-25 04:12:47,desktop
EVT9748,CUST1038,purchase,2025-03-26 04:34:11,tablet
EVT9749,CUST1028,add_to_cart,2025-02-22 18:03:32,tablet
EVT9750,CUST1005,add_to_cart,2024-09-04 20:29:57,tablet
EVT9751,CUST1023,view_product,2025-02-10 18:00:16,desktop
EVT9752,CUST1095,login,2025-04-05 12:07:09,mobile
EVT9753,CUST1079,login,2024-10-04 01:29:01,tablet
EVT9754,CUST1030,add_to_cart,2025-03-17 09:44:16,desktop
EVT9755,CUST1085,login,2025-03-13 01:42:03,desktop
EVT9756,CUST1027,add_to_cart,2024-09-28 10:52:41,tablet
EVT9757,CUST1027,login,2024-10-05 01:23:19,mobile
EVT9758,CUST1022,view_product,2025-04-12 09:31:07,desktop
EVT9759,CUST1086,add_to_cart,2025-03-30 02:15:04,tablet
EVT9760,CUST1097,add_to_cart,2025-05-06 10:28:03,desktop
EVT9761,CUST1077,view_product,2025-07-15 20:56:27,mobile
EVT9762,CUST1084,login,2025-03-22 13:59:12,tablet
EVT9763,CUST1055,login,2024-12-08 16:31:33,mobile
EVT9764,CUST1044,view_product,2025-06-22 18:37:55,desktop
EVT9765,CUST1012,purchase,2025-07-24 09:19:57,desktop
EVT9766,CUST1085,view_product,2025-03-06 10:59:03,mobile
EVT9767,CUST1076,purchase,2024-08-15 13:38:31,mobile
EVT9768,CUST1033,purchase,2025-06-16 01:26:34,desktop
EVT9769,CUST1082,login,2025-07-01 00:42:27,desktop
EVT9770,CUST1020,view_product,2024-08-10 14:08:36,mobile
EVT9771,CUST1073,view_product,2024-08-31 02:44:06,mobile
EVT9772,CUST1027,add_to_cart,2024-08-17 05:25:04,desktop
EVT9773,CUST1048,login,2025-04-05 16:27:55,tablet
EVT9774,CUST1039,view_product,2025-05-26 00:07:57,desktop
EVT9775,CUST1049,add_to_cart,2025-03-11 13:34:51,desktop
EVT9776,CUST1080,login,2024-11-10 08:27:18,tablet
EVT9777,CUST1061,add_to_cart,2025-04-09 10:39:16,tablet
EVT9778,CUST1000,add_to_cart,2024-10-20 10:33:35,desktop
EVT9779,CUST1070,purchase,2025-05-24 10:15:33,desktop
EVT9780,CUST1079,login,2025-03-09 18:23:18,mobile
EVT9781,CUST1052,view_product,2025-01-08 08:33:12,tablet
EVT9782,CUST1055,add_to_cart,2025-03-27 14:52:17,tablet
EVT9783,CUST1030,view_product,2025-04-04 17:30:46,tablet
EVT9784,CUST1075,purchase,2024-08-11 07:58:06,mobile
EVT9785,CUST1032,view_product,2025-02-08 23:44:04,mobile
EVT9786,CUST1097,login,2025-07-10 19:44:05,tablet
EVT9787,CUST1009,add_to_cart,2025-03-31 03:16:32,tablet
EVT9788,CUST1003,view_product,2025-02-27 10:50:02,desktop
EVT9789,CUST1057,login,2024-11-20 01:37:07,mobile
EVT9790,CUST1000,login,2025-04-05 20:41:34,mobile
EVT9791,CUST1050,view_product,2024-11-24 21:24:16,desktop
EVT9792,CUST1050,add_to_cart,2025-02-03 03:03:19,tablet
EVT9793,CUST1031,view_product,2024-11-02 16:06:39,desktop
EVT9794,CUST1033,purchase,2025-06-08 01:55:13,mobile
EVT9795,CUST1003,login,2025-06-09 02:43:27,mobile
EVT9796,CUST1040,login,2025-04-22 14:15:38,mobile
EVT9797,CUST1075,view_product,2025-01-04 06:44:24,desktop
EVT9798,CUST1005,view_product,2024-11-23 01:58:04,desktop
EVT9799,CUST1045,view_product,2025-01-22 17:01:15,tablet
EVT9800,CUST1028,view_product,2024-08-27 21:50:28,desktop
EVT9801,CUST1084,view_product,2025-04-24 00:01:37,tablet
EVT9802,CUST1048,login,2024-08-22 20:06:47,mobile
EVT9803,CUST1016,add_to_cart,2024-09-29 23:05:59,desktop
EVT9804,CUST1026,login,2025-01-17 07:06:12,mobile
EVT9805,CUST1068,view_product,2025-01-07 23:33:31,tablet
EVT9806,CUST1051,login,2025-02-03 15:13:51,tablet
EVT9807,CUST1082,purchase,2025-01-26 22:35:52,mobile
EVT9808,CUST1042,add_to_cart,2024-10-17 19:18:56,tablet
EVT9809,CUST1003,view_product,2024-12-09 16:30:28,tablet
EVT9810,CUST1028,login,2025-03-23 04:10:00,mobile
EVT9811,CUST1040,add_to_cart,2024-09-24 08:46:21,mobile
EVT9812,CUST1095,add_to_cart,2024-11-28 23:09:48,desktop
EVT9813,CUST1078,view_product,2025-06-30 03:18:22,mobile
EVT9814,CUST1066,add_to_cart,2025-05-05 13:18:38,mobile
EVT9815,CUST1047,login,2024-12-01 13:55:40,tablet
EVT9816,CUST1055,add_to_cart,2025-05-11 16:55:15,mobile
EVT9817,CUST1014,purchase,2025-06-29 20:42:35,mobile
EVT9818,CUST1067,add_to_cart,2024-12-11 16:46:12,tablet
EVT9819,CUST1089,login,2025-01-01 09:59:29,tablet
EVT9820,CUST1080,add_to_cart,2024-09-19 08:30:43,mobile
EVT9821,CUST1066,login,2025-05-21 23:35:41,tablet
EVT9822,CUST1039,add_to_cart,2024-12-21 11:22:05,tablet
EVT9823,CUST1042,login,2025-02-15 13:38:45,desktop
EVT9824,CUST1069,view_product,2025-03-05 16:39:07,tablet
EVT9825,CUST1074,add_to_cart,2024-09-09 19:23:21,desktop
EVT9826,CUST1071,add_to_cart,2024-12-01 12:03:32,mobile
EVT9827,CUST1024,purchase,2024-11-01 10:50:36,tablet
EVT9828,CUST1055,view_product,2025-01-27 17:31:22,tablet
EVT9829,CUST1098,view_product,2024-09-16 03:40:13,tablet
EVT9830,CUST1005,add_to_cart,2024-11-11 10:42:00,tablet
EVT9831,CUST1044,purchase,2025-01-21 04:13:18,tablet
EVT9832,CUST1051,login,2024-11-03 20:27:17,tablet
EVT9833,CUST1004,view_product,2024-09-23 06:45:29,tablet
EVT9834,CUST1087,add_to_cart,2024-09-06 04:02:00,desktop
EVT9835,CUST1049,login,2024-08-19 05:21:31,desktop
EVT9836,CUST1008,login,2024-11-20 06:39:18,desktop
EVT9837,CUST1012,view_product,2024-12-26 18:13:09,tablet
EVT9838,CUST1002,purchase,2025-07-01 04:16:27,desktop
EVT9839,CUST1004,view_product,2025-03-26 13:25:00,mobile
EVT9840,CUST1011,add_to_cart,2025-01-08 22:58:53,desktop
EVT9841,CUST1024,login,2024-11-03 23:43:48,tablet
EVT9842,CUST1026,add_to_cart,2025-07-01 14:56:01,desktop
EVT9843,CUST1047,view_product,2025-07-15 23:49:47,desktop
EVT9844,CUST1076,purchase,2024-09-30 14:11:31,tablet
EVT9845,CUST1091,login,2025-06-11 11:50:47,tablet
EVT9846,CUST1089,add_to_cart,2024-12-04 17:36:22,mobile
EVT9847,CUST1045,purchase,2025-07-28 04:52:42,desktop
EVT9848,CUST1001,purchase,2025-03-11 22:07:00,desktop
EVT9849,CUST1032,login,2025-05-06 15:05:14,tablet
EVT9850,CUST1077,add_to_cart,2024-11-29 00:23:51,tablet
EVT9851,CUST1084,login,2024-10-12 07:03:55,desktop
EVT9852,CUST1090,login,2025-05-22 22:29:24,desktop
EVT9853,CUST1057,add_to_cart,2024-09-30 10:51:44,mobile
EVT9854,CUST1075,purchase,2025-02-09 01:51:17,mobile
EVT9855,CUST1084,purchase,2025-02-15 11:15:59,mobile
EVT9856,CUST1075,add_to_cart,2025-01-27 20:42:56,desktop
EVT9857,CUST1098,view_product,2025-02-09 06:27:38,desktop
EVT9858,CUST1088,view_product,2025-07-06 23:15:44,mobile
EVT9859,CUST1099,purchase,2024-11-27 09:29:20,mobile
EVT9860,CUST1070,purchase,2025-02-08 17:30:37,desktop
EVT9861,CUST1058,view_product,2024-08-08 13:42:07,desktop
EVT9862,CUST1053,purchase,2024-09-03 13:00:06,tablet
EVT9863,CUST1004,login,2024-12-30 06:57:58,mobile
EVT9864,CUST1064,login,2025-02-11 20:46:01,tablet
EVT9865,CUST1084,view_product,2025-01-24 03:22:54,mobile
EVT9866,CUST1098,view_product,2024-11-01 01:26:12,desktop
EVT9867,CUST1082,purchase,2024-10-22 02:58:28,desktop
EVT9868,CUST1080,add_to_cart,2025-03-14 02:50:40,mobile
EVT9869,CUST1072,add_to_cart,2024-12-14 14:54:14,mobile
EVT9870,CUST1047,purchase,2024-08-18 11:12:36,mobile
EVT9871,CUST1060,login,2024-08-19 04:45:14,mobile
EVT9872,CUST1003,add_to_cart,2024-11-16 20:06:52,mobile
EVT9873,CUST1073,view_product,2025-02-07 18:25:53,desktop
EVT9874,CUST1088,add_to_cart,2025-03-19 14:57:42,desktop
EVT9875,CUST1005,purchase,2025-07-08 05:40:59,desktop
EVT9876,CUST1082,login,2025-06-22 21:36:41,tablet
EVT9877,CUST1003,login,2025-04-10 15:49:43,tablet
EVT9878,CUST1027,login,2025-04-17 18:01:46,mobile
EVT9879,CUST1075,view_product,2025-01-29 07:52:14,tablet
EVT9880,CUST1045,purchase,2024-11-18 13:03:04,mobile
EVT9881,CUST1040,add_to_cart,2025-02-24 00:00:13,desktop
EVT9882,CUST1057,purchase,2024-08-02 17:54:08,mobile
EVT9883,CUST1000,purchase,2025-06-24 13:54:07,tablet
EVT9884,CUST1055,add_to_cart,2024-09-10 07:37:43,desktop
EVT9885,CUST1039,add_to_cart,2025-01-13 22:13:16,desktop
EVT9886,CUST1006,add_to_cart,2024-09-20 14:02:50,desktop
EVT9887,CUST1022,add_to_cart,2025-07-08 06:46:00,mobile
EVT9888,CUST1074,login,2024-11-10 06:44:57,mobile
EVT9889,CUST1028,purchase,2025-05-09 02:32:59,mobile
EVT9890,CUST1045,purchase,2024-12-19 14:58:40,mobile
EVT9891,CUST1058,login,2025-05-23 05:20:39,tablet
EVT9892,CUST1033,add_to_cart,2025-01-03 04:17:01,mobile
EVT9893,CUST1088,login,2024-12-19 16:28:00,mobile
EVT9894,CUST1066,login,2024-08-17 03:22:22,desktop
EVT9895,CUST1087,purchase,2025-01-02 03:22:28,desktop
EVT9896,CUST1026,purchase,2024-08-19 10:30:27,desktop
EVT9897,CUST1067,view_product,2025-03-09 01:05:36,desktop
EVT9898,CUST1009,add_to_cart,2025-03-05 18:11:45,mobile
EVT9899,CUST1047,add_to_cart,2024-10-14 04:00:08,mobile
EVT9900,CUST1055,add_to_cart,2024-12-18 08:38:59,mobile
EVT9901,CUST1034,purchase,2025-03-02 10:05:41,tablet
EVT9902,CUST1011,purchase,2024-11-19 15:38:46,mobile
EVT9903,CUST1045,view_product,2024-08-28 03:02:56,desktop
EVT9904,CUST1014,add_to_cart,2024-12-27 14:42:55,mobile
EVT9905,CUST1099,login,2025-02-11 09:41:07,mobile
EVT9906,CUST1097,login,2025-01-21 11:17:25,tablet
EVT9907,CUST1030,view_product,2025-05-23 10:26:45,tablet
EVT9908,CUST1010,view_product,2025-03-01 02:43:22,desktop
EVT9909,CUST1073,view_product,2024-11-16 04:52:08,tablet
EVT9910,CUST1010,login,2025-06-16 02:08:32,mobile
EVT9911,CUST1055,add_to_cart,2025-03-29 14:42:57,tablet
EVT9912,CUST1070,view_product,2025-04-20 19:27:29,mobile
EVT9913,CUST1059,view_product,2025-03-24 21:01:05,desktop
EVT9914,CUST1077,login,2024-09-14 17:04:56,tablet
EVT9915,CUST1093,add_to_cart,2024-09-18 12:54:46,tablet
EVT9916,CUST1037,view_product,2024-09-06 02:49:12,tablet
EVT9917,CUST1004,login,2024-12-30 13:07:55,tablet
EVT9918,CUST1094,login,2024-12-22 12:08:38,mobile
EVT9919,CUST1008,login,2025-06-04 06:39:44,mobile
EVT9920,CUST1067,purchase,2024-12-09 06:11:14,mobile
EVT9921,CUST1000,add_to_cart,2025-03-04 05:03:10,mobile
EVT9922,CUST1087,login,2025-07-30 05:19:05,tablet
EVT9923,CUST1074,add_to_cart,2024-12-19 13:22:54,tablet
EVT9924,CUST1064,add_to_cart,2025-05-19 18:28:07,tablet
EVT9925,CUST1059,add_to_cart,2024-09-24 14:21:09,tablet
EVT9926,CUST1026,add_to_cart,2024-10-15 21:02:14,desktop
EVT9927,CUST1064,login,2025-03-21 13:02:42,desktop
EVT9928,CUST1041,purchase,2025-02-13 07:02:56,tablet
EVT9929,CUST1031,purchase,2025-01-02 10:52:55,desktop
EVT9930,CUST1015,add_to_cart,2025-02-09 18:44:50,desktop
EVT9931,CUST1042,add_to_cart,2024-08-15 04:53:10,desktop
EVT9932,CUST1084,purchase,2024-08-17 03:56:28,mobile
EVT9933,CUST1022,purchase,2024-08-14 16:23:16,desktop
EVT9934,CUST1038,login,2024-09-21 18:57:17,desktop
EVT9935,CUST1077,purchase,2025-05-03 16:50:29,tablet
EVT9936,CUST1079,purchase,2024-12-06 21:50:51,mobile
EVT9937,CUST1024,view_product,2025-06-07 19:11:17,mobile
EVT9938,CUST1002,view_product,2025-01-30 13:17:55,desktop
EVT9939,CUST1068,purchase,2025-02-17 06:12:54,mobile
EVT9940,CUST1010,purchase,2025-01-24 01:07:31,tablet
EVT9941,CUST1017,login,2024-09-26 09:54:39,desktop
EVT9942,CUST1050,add_to_cart,2025-03-23 00:26:27,desktop
EVT9943,CUST1082,add_to_cart,2025-07-12 10:16:26,mobile
EVT9944,CUST1067,purchase,2025-02-15 18:32:42,mobile
EVT9945,CUST1008,login,2024-09-22 20:32:11,tablet
EVT9946,CUST1059,view_product,2024-12-04 22:32:47,desktop
EVT9947,CUST1026,purchase,2025-07-27 06:40:08,mobile
EVT9948,CUST1008,view_product,2025-03-25 15:53:32,desktop
EVT9949,CUST1004,purchase,2024-12-01 06:35:54,desktop
EVT9950,CUST1012,view_product,2024-10-01 16:18:43,mobile
EVT9951,CUST1085,login,2024-12-30 04:17:07,mobile
EVT9952,CUST1043,view_product,2025-03-26 23:53:03,tablet
EVT9953,CUST1096,view_product,2025-05-13 16:38:21,mobile
EVT9954,CUST1006,add_to_cart,2025-06-22 19:18:09,desktop
EVT9955,CUST1061,login,2024-11-23 18:44:58,desktop
EVT9956,CUST1065,purchase,2025-03-18 03:35:53,desktop
EVT9957,CUST1040,view_product,2024-12-08 04:54:40,mobile
EVT9958,CUST1095,purchase,2025-02-12 14:12:06,desktop
EVT9959,CUST1057,add_to_cart,2025-06-17 05:53:59,desktop
EVT9960,CUST1009,purchase,2025-02-13 12:33:47,tablet
EVT9961,CUST1089,login,2025-02-22 07:27:00,mobile
EVT9962,CUST1018,add_to_cart,2025-02-05 19:23:06,tablet
EVT9963,CUST1075,login,2025-05-01 19:37:01,tablet
EVT9964,CUST1047,purchase,2025-03-06 04:31:03,tablet
EVT9965,CUST1016,login,2024-11-23 23:56:02,mobile
EVT9966,CUST1002,login,2025-01-31 00:00:11,desktop
EVT9967,CUST1093,add_to_cart,2025-06-12 09:00:48,desktop
EVT9968,CUST1091,login,2024-08-06 00:45:03,tablet
EVT9969,CUST1087,view_product,2024-12-20 15:01:37,desktop
EVT9970,CUST1085,view_product,2024-12-06 05:03:36,tablet
EVT9971,CUST1065,add_to_cart,2025-04-18 06:00:50,tablet
EVT9972,CUST1002,view_product,2024-09-11 03:16:19,desktop
EVT9973,CUST1039,add_to_cart,2025-01-08 08:07:12,mobile
EVT9974,CUST1000,view_product,2025-03-14 06:10:53,mobile
EVT9975,CUST1060,view_product,2024-11-27 01:26:54,mobile
EVT9976,CUST1060,login,2025-06-04 23:58:35,mobile
EVT9977,CUST1003,login,2025-07-14 14:47:59,desktop
EVT9978,CUST1088,add_to_cart,2025-05-08 06:11:41,tablet
EVT9979,CUST1073,purchase,2025-07-04 06:14:10,desktop
EVT9980,CUST1036,view_product,2025-04-23 18:42:53,desktop
EVT9981,CUST1096,view_product,2025-03-31 22:48:58,tablet
EVT9982,CUST1031,view_product,2024-08-09 22:03:10,tablet
EVT9983,CUST1091,view_product,2025-03-19 09:17:03,tablet
EVT9984,CUST1055,login,2025-01-30 21:11:05,tablet
EVT9985,CUST1051,login,2024-11-10 16:36:22,tablet
EVT9986,CUST1096,add_to_cart,2025-04-11 04:14:02,desktop
EVT9987,CUST1039,view_product,2025-05-30 14:52:38,mobile
EVT9988,CUST1024,purchase,2025-05-28 00:02:15,mobile
EVT9989,CUST1082,view_product,2025-03-12 05:27:17,desktop
EVT9990,CUST1038,view_product,2025-03-11 21:37:34,desktop
EVT9991,CUST1047,add_to_cart,2024-10-26 22:32:23,tablet
EVT9992,CUST1033,login,2025-05-06 17:37:11,tablet
EVT9993,CUST1088,login,2024-08-19 12:20:53,mobile
EVT9994,CUST1022,login,2025-03-14 04:30:52,mobile
EVT9995,CUST1037,login,2025-02-02 03:47:26,mobile
EVT9996,CUST1015,purchase,2024-10-04 18:58:15,desktop
EVT9997,CUST1000,add_to_cart,2025-02-19 03:52:58,desktop
EVT9998,CUST1041,purchase,2025-03-31 20:37:24,mobile
EVT9999,CUST1074,purchase,2025-05-06 15:35:40,tablet
